<?xml version="1.0" encoding="UTF-8"?>
<project-private xmlns="http://www.netbeans.org/ns/project-private/1">
    <data xmlns="http://www.netbeans.org/ns/make-project-private/1">
        <activeConfTypeElem>1</activeConfTypeElem>
        <activeConfIndexElem>0</activeConfIndexElem>
    </data>
    <editor-bookmarks xmlns="http://www.netbeans.org/ns/editor-bookmarks/2" lastBookmarkId="0"/>
    <open-files xmlns="http://www.netbeans.org/ns/projectui-open-files/2">
        <group>
            <file>file:/C:/Users/Administrator/Desktop/Hitt_Branden_CSC17A_48983/Proj/Project%202/Bulwark/main.cpp</file>
            <file>file:/C:/Users/Administrator/Desktop/Hitt_Branden_CSC17A_48983/Proj/Project%202/Bulwark/CrapUnit.h</file>
            <file>file:/C:/Users/Administrator/Desktop/Hitt_Branden_CSC17A_48983/Proj/Project%202/Bulwark/CrapUnit.cpp</file>
            <file>file:/C:/Users/Administrator/Desktop/Hitt_Branden_CSC17A_48983/Proj/Project%202/Bulwark/ModerateUnit.h</file>
            <file>file:/C:/Users/Administrator/Desktop/Hitt_Branden_CSC17A_48983/Proj/Project%202/Bulwark/EnemyUnit.h</file>
            <file>file:/C:/Users/Administrator/Desktop/Hitt_Branden_CSC17A_48983/Proj/Project%202/Bulwark/Weapon.cpp</file>
            <file>file:/C:/Users/Administrator/Desktop/Hitt_Branden_CSC17A_48983/Proj/Project%202/Bulwark/CrapUnitElite.h</file>
            <file>file:/C:/Users/Administrator/Desktop/Hitt_Branden_CSC17A_48983/Proj/Project%202/Bulwark/ModerateUnitElite.h</file>
            <file>file:/C:/Users/Administrator/Desktop/Hitt_Branden_CSC17A_48983/Proj/Project%202/Bulwark/BossUnit.h</file>
            <file>file:/C:/Users/Administrator/Desktop/Hitt_Branden_CSC17A_48983/Proj/Project%202/Bulwark/ModerateUnitElite.cpp</file>
            <file>file:/C:/Users/Administrator/Desktop/Hitt_Branden_CSC17A_48983/Proj/Project%202/Bulwark/Weapon.h</file>
            <file>file:/C:/Users/Administrator/Desktop/Hitt_Branden_CSC17A_48983/Proj/Project%202/Bulwark/Unit.h</file>
            <file>file:/C:/Users/Administrator/Desktop/Hitt_Branden_CSC17A_48983/Proj/Project%202/Bulwark/Player.h</file>
            <file>file:/C:/Users/Administrator/Desktop/Hitt_Branden_CSC17A_48983/Proj/Project%202/Bulwark/PlayerData.h</file>
            <file>file:/C:/Users/Administrator/Desktop/Hitt_Branden_CSC17A_48983/Proj/Project%202/Bulwark/EnemyUnit.cpp</file>
            <file>file:/C:/Users/Administrator/Desktop/Hitt_Branden_CSC17A_48983/Proj/Project%202/Bulwark/CrapUnitElite.cpp</file>
            <file>file:/C:/Users/Administrator/Desktop/Hitt_Branden_CSC17A_48983/Proj/Project%202/Bulwark/ModerateUnit.cpp</file>
            <file>file:/C:/Users/Administrator/Desktop/Hitt_Branden_CSC17A_48983/Proj/Project%202/Bulwark/SimpleVector.h</file>
            <file>file:/C:/Users/Administrator/Desktop/Hitt_Branden_CSC17A_48983/Proj/Project%202/Bulwark/BossUnit.cpp</file>
            <file>file:/C:/Users/Administrator/Desktop/Hitt_Branden_CSC17A_48983/Proj/Project%202/Bulwark/Player.cpp</file>
        </group>
    </open-files>
</project-private>
