<?xml version="1.0" encoding="UTF-8"?>
<configurationDescriptor version="95">
  <logicalFolder name="root" displayName="root" projectFiles="true" kind="ROOT">
    <logicalFolder name="HeaderFiles"
                   displayName="Header Files"
                   projectFiles="true">
      <itemPath>BossUnit.h</itemPath>
      <itemPath>CrapUnit.h</itemPath>
      <itemPath>CrapUnitElite.h</itemPath>
      <itemPath>EnemyUnit.h</itemPath>
      <itemPath>ModerateUnit.h</itemPath>
      <itemPath>ModerateUnitElite.h</itemPath>
      <itemPath>Player.h</itemPath>
      <itemPath>PlayerData.h</itemPath>
      <itemPath>SimpleVector.h</itemPath>
      <itemPath>Unit.h</itemPath>
      <itemPath>Weapon.h</itemPath>
    </logicalFolder>
    <logicalFolder name="ResourceFiles"
                   displayName="Resource Files"
                   projectFiles="true">
    </logicalFolder>
    <logicalFolder name="SourceFiles"
                   displayName="Source Files"
                   projectFiles="true">
      <itemPath>BossUnit.cpp</itemPath>
      <itemPath>CrapUnit.cpp</itemPath>
      <itemPath>CrapUnitElite.cpp</itemPath>
      <itemPath>EnemyUnit.cpp</itemPath>
      <itemPath>ModerateUnit.cpp</itemPath>
      <itemPath>ModerateUnitElite.cpp</itemPath>
      <itemPath>Player.cpp</itemPath>
      <itemPath>Weapon.cpp</itemPath>
      <itemPath>main.cpp</itemPath>
    </logicalFolder>
    <logicalFolder name="TestFiles"
                   displayName="Test Files"
                   projectFiles="false"
                   kind="TEST_LOGICAL_FOLDER">
    </logicalFolder>
    <logicalFolder name="ExternalFiles"
                   displayName="Important Files"
                   projectFiles="false"
                   kind="IMPORTANT_FILES_FOLDER">
      <itemPath>Makefile</itemPath>
    </logicalFolder>
  </logicalFolder>
  <projectmakefile>Makefile</projectmakefile>
  <confs>
    <conf name="Debug" type="1">
      <toolsSet>
        <compilerSet>default</compilerSet>
        <dependencyChecking>true</dependencyChecking>
        <rebuildPropChanged>false</rebuildPropChanged>
      </toolsSet>
      <compileType>
      </compileType>
      <item path="BossUnit.cpp" ex="false" tool="1" flavor2="0">
      </item>
      <item path="BossUnit.h" ex="false" tool="3" flavor2="0">
      </item>
      <item path="CrapUnit.cpp" ex="false" tool="1" flavor2="0">
      </item>
      <item path="CrapUnit.h" ex="false" tool="3" flavor2="0">
      </item>
      <item path="CrapUnitElite.cpp" ex="false" tool="1" flavor2="0">
      </item>
      <item path="CrapUnitElite.h" ex="false" tool="3" flavor2="0">
      </item>
      <item path="EnemyUnit.cpp" ex="false" tool="1" flavor2="0">
      </item>
      <item path="EnemyUnit.h" ex="false" tool="3" flavor2="0">
      </item>
      <item path="ModerateUnit.cpp" ex="false" tool="1" flavor2="0">
      </item>
      <item path="ModerateUnit.h" ex="false" tool="3" flavor2="0">
      </item>
      <item path="ModerateUnitElite.cpp" ex="false" tool="1" flavor2="0">
      </item>
      <item path="ModerateUnitElite.h" ex="false" tool="3" flavor2="0">
      </item>
      <item path="Player.cpp" ex="false" tool="1" flavor2="0">
      </item>
      <item path="Player.h" ex="false" tool="3" flavor2="0">
      </item>
      <item path="PlayerData.h" ex="false" tool="3" flavor2="0">
      </item>
      <item path="SimpleVector.h" ex="false" tool="3" flavor2="0">
      </item>
      <item path="Unit.h" ex="false" tool="3" flavor2="0">
      </item>
      <item path="Weapon.cpp" ex="false" tool="1" flavor2="0">
      </item>
      <item path="Weapon.h" ex="false" tool="3" flavor2="0">
      </item>
      <item path="main.cpp" ex="false" tool="1" flavor2="0">
      </item>
    </conf>
    <conf name="Release" type="1">
      <toolsSet>
        <compilerSet>default</compilerSet>
        <dependencyChecking>true</dependencyChecking>
        <rebuildPropChanged>false</rebuildPropChanged>
      </toolsSet>
      <compileType>
        <cTool>
          <developmentMode>5</developmentMode>
        </cTool>
        <ccTool>
          <developmentMode>5</developmentMode>
        </ccTool>
        <fortranCompilerTool>
          <developmentMode>5</developmentMode>
        </fortranCompilerTool>
        <asmTool>
          <developmentMode>5</developmentMode>
        </asmTool>
      </compileType>
      <item path="BossUnit.cpp" ex="false" tool="1" flavor2="0">
      </item>
      <item path="BossUnit.h" ex="false" tool="3" flavor2="0">
      </item>
      <item path="CrapUnit.cpp" ex="false" tool="1" flavor2="0">
      </item>
      <item path="CrapUnit.h" ex="false" tool="3" flavor2="0">
      </item>
      <item path="CrapUnitElite.cpp" ex="false" tool="1" flavor2="0">
      </item>
      <item path="CrapUnitElite.h" ex="false" tool="3" flavor2="0">
      </item>
      <item path="EnemyUnit.cpp" ex="false" tool="1" flavor2="0">
      </item>
      <item path="EnemyUnit.h" ex="false" tool="3" flavor2="0">
      </item>
      <item path="ModerateUnit.cpp" ex="false" tool="1" flavor2="0">
      </item>
      <item path="ModerateUnit.h" ex="false" tool="3" flavor2="0">
      </item>
      <item path="ModerateUnitElite.cpp" ex="false" tool="1" flavor2="0">
      </item>
      <item path="ModerateUnitElite.h" ex="false" tool="3" flavor2="0">
      </item>
      <item path="Player.cpp" ex="false" tool="1" flavor2="0">
      </item>
      <item path="Player.h" ex="false" tool="3" flavor2="0">
      </item>
      <item path="PlayerData.h" ex="false" tool="3" flavor2="0">
      </item>
      <item path="SimpleVector.h" ex="false" tool="3" flavor2="0">
      </item>
      <item path="Unit.h" ex="false" tool="3" flavor2="0">
      </item>
      <item path="Weapon.cpp" ex="false" tool="1" flavor2="0">
      </item>
      <item path="Weapon.h" ex="false" tool="3" flavor2="0">
      </item>
      <item path="main.cpp" ex="false" tool="1" flavor2="0">
      </item>
    </conf>
  </confs>
</configurationDescriptor>
